{
  "name": "MemRosetta Phase 1 Benchmark",
  "phase": "phase1",
  "timestamp": "2026-03-24T05:44:51.496Z",
  "dataset": "LoCoMo",
  "engineVersion": "0.1.0",
  "retrieval": {
    "precisionAtK": {
      "5": 0.007351460221550851
    },
    "recallAtK": {
      "5": 0.0024913880182222802
    },
    "ndcgAtK": {
      "10": 0.00880457115705084
    },
    "mrr": 0.015668009399127224
  },
  "latency": [
    {
      "operation": "store",
      "p50Ms": 6998.529125000001,
      "p95Ms": 6998.529125000001,
      "p99Ms": 6998.529125000001,
      "meanMs": 6998.529125000001,
      "minMs": 6998.529125000001,
      "maxMs": 6998.529125000001,
      "sampleCount": 1
    },
    {
      "operation": "search",
      "p50Ms": 3.2564164999639615,
      "p95Ms": 4.5462288499285926,
      "p99Ms": 4.938701030011289,
      "meanMs": 3.3120159039275205,
      "minMs": 2.047334000002593,
      "maxMs": 7.705792000051588,
      "sampleCount": 19860
    }
  ],
  "qa": {
    "totalQuestions": 1986,
    "correctAnswers": 111,
    "accuracy": 0.055891238670694864,
    "byCategory": {
      "multi-hop": {
        "total": 321,
        "correct": 14,
        "accuracy": 0.04361370716510903
      },
      "temporal": {
        "total": 96,
        "correct": 9,
        "accuracy": 0.09375
      },
      "single-hop": {
        "total": 282,
        "correct": 31,
        "accuracy": 0.1099290780141844
      },
      "open-domain": {
        "total": 841,
        "correct": 43,
        "accuracy": 0.05112960760998811
      },
      "adversarial": {
        "total": 446,
        "correct": 14,
        "accuracy": 0.03139013452914798
      }
    }
  },
  "metadata": {
    "memoryCount": 6064,
    "queryCount": 1986
  }
}