{
  "name": "MemRosetta Phase 1 Benchmark",
  "phase": "phase1",
  "timestamp": "2026-03-23T04:57:18.335Z",
  "dataset": "LoCoMo",
  "engineVersion": "0.1.0",
  "retrieval": {
    "precisionAtK": {
      "5": 0
    },
    "recallAtK": {
      "5": 0
    },
    "ndcgAtK": {
      "10": 0
    },
    "mrr": 0
  },
  "latency": [
    {
      "operation": "store",
      "p50Ms": 5.402582999999993,
      "p95Ms": 5.402582999999993,
      "p99Ms": 5.402582999999993,
      "meanMs": 5.402582999999993,
      "minMs": 5.402582999999993,
      "maxMs": 5.402582999999993,
      "sampleCount": 1
    },
    {
      "operation": "search",
      "p50Ms": 0.15062500000000512,
      "p95Ms": 0.2143122500000345,
      "p99Ms": 0.26891879999998025,
      "meanMs": 0.15641972759315123,
      "minMs": 0.07945900000004258,
      "maxMs": 1.6046249999999986,
      "sampleCount": 1986
    }
  ],
  "qa": {
    "totalQuestions": 1986,
    "correctAnswers": 0,
    "accuracy": 0,
    "byCategory": {
      "multi-hop": {
        "total": 321,
        "correct": 0,
        "accuracy": 0
      },
      "temporal": {
        "total": 96,
        "correct": 0,
        "accuracy": 0
      },
      "single-hop": {
        "total": 282,
        "correct": 0,
        "accuracy": 0
      },
      "open-domain": {
        "total": 841,
        "correct": 0,
        "accuracy": 0
      },
      "adversarial": {
        "total": 446,
        "correct": 0,
        "accuracy": 0
      }
    }
  },
  "metadata": {
    "memoryCount": 5882,
    "queryCount": 1986
  }
}