{
  "name": "MemRosetta Phase 1 Benchmark",
  "phase": "phase1",
  "timestamp": "2026-03-23T08:39:58.703Z",
  "dataset": "LoCoMo",
  "engineVersion": "0.1.0",
  "retrieval": {
    "precisionAtK": {
      "5": 0
    },
    "recallAtK": {
      "5": 0
    },
    "ndcgAtK": {
      "10": 0
    },
    "mrr": 0
  },
  "latency": [
    {
      "operation": "store",
      "p50Ms": 231.37745900000002,
      "p95Ms": 231.37745900000002,
      "p99Ms": 231.37745900000002,
      "meanMs": 231.37745900000002,
      "minMs": 231.37745900000002,
      "maxMs": 231.37745900000002,
      "sampleCount": 1
    },
    {
      "operation": "search",
      "p50Ms": 0.6540004999999667,
      "p95Ms": 0.9848224999999786,
      "p99Ms": 1.1659482499998723,
      "meanMs": 0.6563421576032217,
      "minMs": 0.15962500000000546,
      "maxMs": 3.6410829999999805,
      "sampleCount": 1986
    }
  ],
  "qa": {
    "totalQuestions": 1986,
    "correctAnswers": 0,
    "accuracy": 0,
    "byCategory": {
      "multi-hop": {
        "total": 321,
        "correct": 0,
        "accuracy": 0
      },
      "temporal": {
        "total": 96,
        "correct": 0,
        "accuracy": 0
      },
      "single-hop": {
        "total": 282,
        "correct": 0,
        "accuracy": 0
      },
      "open-domain": {
        "total": 841,
        "correct": 0,
        "accuracy": 0
      },
      "adversarial": {
        "total": 446,
        "correct": 0,
        "accuracy": 0
      }
    }
  },
  "metadata": {
    "memoryCount": 5882,
    "queryCount": 1986
  }
}