{
  "name": "MemRosetta Phase 1 Benchmark",
  "phase": "phase1",
  "timestamp": "2026-03-24T03:51:29.497Z",
  "dataset": "LoCoMo",
  "engineVersion": "0.1.0",
  "retrieval": {
    "precisionAtK": {
      "5": 0.0013091641490433033
    },
    "recallAtK": {
      "5": 0.005245048674051696
    },
    "ndcgAtK": {
      "10": 0.0056113948152828235
    },
    "mrr": 0.00368871785034927
  },
  "latency": [
    {
      "operation": "store",
      "p50Ms": 12802.166667000001,
      "p95Ms": 12802.166667000001,
      "p99Ms": 12802.166667000001,
      "meanMs": 12802.166667000001,
      "minMs": 12802.166667000001,
      "maxMs": 12802.166667000001,
      "sampleCount": 1
    },
    {
      "operation": "search",
      "p50Ms": 3.1345835000029183,
      "p95Ms": 4.430649900000572,
      "p99Ms": 4.945263969998119,
      "meanMs": 3.340598392553438,
      "minMs": 2.0728329999983544,
      "maxMs": 22.644000000000233,
      "sampleCount": 35748
    }
  ],
  "qa": {
    "totalQuestions": 1986,
    "correctAnswers": 30,
    "accuracy": 0.015105740181268883,
    "byCategory": {
      "multi-hop": {
        "total": 321,
        "correct": 5,
        "accuracy": 0.01557632398753894
      },
      "temporal": {
        "total": 96,
        "correct": 1,
        "accuracy": 0.010416666666666666
      },
      "single-hop": {
        "total": 282,
        "correct": 6,
        "accuracy": 0.02127659574468085
      },
      "open-domain": {
        "total": 841,
        "correct": 15,
        "accuracy": 0.0178359096313912
      },
      "adversarial": {
        "total": 446,
        "correct": 3,
        "accuracy": 0.006726457399103139
      }
    }
  },
  "metadata": {
    "memoryCount": 5882,
    "queryCount": 1986
  }
}