{
  "name": "MemRosetta Phase 1 Benchmark",
  "phase": "phase1",
  "timestamp": "2026-03-23T08:44:15.469Z",
  "dataset": "LoCoMo",
  "engineVersion": "0.1.0",
  "retrieval": {
    "precisionAtK": {
      "5": 0.0006042296072507553
    },
    "recallAtK": {
      "5": 0.002098019469620678
    },
    "ndcgAtK": {
      "10": 0.004189749344928373
    },
    "mrr": 0.002550792052302627
  },
  "latency": [
    {
      "operation": "store",
      "p50Ms": 230.41437500000004,
      "p95Ms": 230.41437500000004,
      "p99Ms": 230.41437500000004,
      "meanMs": 230.41437500000004,
      "minMs": 230.41437500000004,
      "maxMs": 230.41437500000004,
      "sampleCount": 1
    },
    {
      "operation": "search",
      "p50Ms": 0.17058400000018992,
      "p95Ms": 0.2899166499998046,
      "p99Ms": 0.35185526000011347,
      "meanMs": 0.1743234937339139,
      "minMs": 0.026332999999794993,
      "maxMs": 7.5258749999998145,
      "sampleCount": 35748
    }
  ],
  "qa": {
    "totalQuestions": 1986,
    "correctAnswers": 24,
    "accuracy": 0.012084592145015106,
    "byCategory": {
      "multi-hop": {
        "total": 321,
        "correct": 5,
        "accuracy": 0.01557632398753894
      },
      "temporal": {
        "total": 96,
        "correct": 3,
        "accuracy": 0.03125
      },
      "single-hop": {
        "total": 282,
        "correct": 2,
        "accuracy": 0.0070921985815602835
      },
      "open-domain": {
        "total": 841,
        "correct": 10,
        "accuracy": 0.011890606420927468
      },
      "adversarial": {
        "total": 446,
        "correct": 4,
        "accuracy": 0.008968609865470852
      }
    }
  },
  "metadata": {
    "memoryCount": 5882,
    "queryCount": 1986
  }
}