{
  "name": "MemRosetta Phase 1 Benchmark",
  "phase": "phase1",
  "timestamp": "2026-03-23T08:43:15.981Z",
  "dataset": "LoCoMo",
  "engineVersion": "0.1.0",
  "retrieval": {
    "precisionAtK": {
      "5": 0.0006042296072507553
    },
    "recallAtK": {
      "5": 0.002098019469620678
    },
    "ndcgAtK": {
      "10": 0.004189749344928373
    },
    "mrr": 0.002550792052302627
  },
  "latency": [
    {
      "operation": "store",
      "p50Ms": 228.58420800000002,
      "p95Ms": 228.58420800000002,
      "p99Ms": 228.58420800000002,
      "meanMs": 228.58420800000002,
      "minMs": 228.58420800000002,
      "maxMs": 228.58420800000002,
      "sampleCount": 1
    },
    {
      "operation": "search",
      "p50Ms": 0.1717079999998532,
      "p95Ms": 0.2924590000002354,
      "p99Ms": 0.3542722600001434,
      "meanMs": 0.17564403670135448,
      "minMs": 0.02641700000003766,
      "maxMs": 7.868708000000197,
      "sampleCount": 35748
    }
  ],
  "qa": {
    "totalQuestions": 1986,
    "correctAnswers": 24,
    "accuracy": 0.012084592145015106,
    "byCategory": {
      "multi-hop": {
        "total": 321,
        "correct": 5,
        "accuracy": 0.01557632398753894
      },
      "temporal": {
        "total": 96,
        "correct": 3,
        "accuracy": 0.03125
      },
      "single-hop": {
        "total": 282,
        "correct": 2,
        "accuracy": 0.0070921985815602835
      },
      "open-domain": {
        "total": 841,
        "correct": 10,
        "accuracy": 0.011890606420927468
      },
      "adversarial": {
        "total": 446,
        "correct": 4,
        "accuracy": 0.008968609865470852
      }
    }
  },
  "metadata": {
    "memoryCount": 5882,
    "queryCount": 1986
  }
}